method,total_time_sec,best_mse,speedup_x
sequential,258.08484292030334,0.25258576701667573,1.0
ray_parallel,58.84050893783569,0.25258576701667573,4.386176251346958
